{
  "total_samples": 211,
  "metrics": {
    "rmse": 0.031340327113866806,
    "mae": 0.020869476720690727,
    "r2": 0.8993620872497559,
    "mape": 30.101516842842102
  },
  "error_stats": {
    "mean": 0.020869476720690727,
    "std": 0.023436814546585083,
    "min": 0.0008788108825683594,
    "max": 0.1691339761018753
  },
  "percentiles": {
    "50": 0.015051838010549545,
    "75": 0.023812384344637394,
    "90": 0.03928107023239136,
    "95": 0.06236947327852249,
    "99": 0.1024210661649704
  }
}