{
  "total_samples": 53,
  "metrics": {
    "rmse": 0.039287627698194376,
    "mae": 0.029798170551657677,
    "r2": 0.8906084299087524,
    "mape": 62.56525421142578
  },
  "error_stats": {
    "mean": 0.029798170551657677,
    "std": 0.025849446654319763,
    "min": 0.0006697326898574829,
    "max": 0.09325438737869263
  },
  "percentiles": {
    "50": 0.027354389429092407,
    "75": 0.044849902391433716,
    "90": 0.06310120970010757,
    "95": 0.0785827487707138,
    "99": 0.09235531836748123
  }
}