{
  "model_type": "CNN+XGBoost_Hybrid",
  "cnn_params": 2489568,
  "xgboost_trees": 48,
  "train": {
    "rmse": 0.03768751163753327,
    "mae": 0.02826557494699955,
    "r2": 0.8956742882728577,
    "mape": 55.35755157470703,
    "bias": -0.00012793057248927653
  },
  "val": {
    "rmse": 0.03995746637093085,
    "mae": 0.029388971626758575,
    "r2": 0.8683984279632568,
    "mape": 70.68830871582031,
    "bias": 0.006519239861518145
  },
  "test": {
    "rmse": 0.039287627698194376,
    "mae": 0.029798170551657677,
    "r2": 0.8906084299087524,
    "mape": 62.56525421142578,
    "bias": 0.0044801305048167706
  },
  "training_time": "0:00:01.028252"
}