{
  "model_type": "CNN+XGBoost_Hybrid",
  "cnn_params": 2489568,
  "xgboost_trees": 61,
  "train": {
    "rmse": 0.025471700355410576,
    "mae": 0.018019001930952072,
    "r2": 0.9156127572059631,
    "mape": 31.673765182495117,
    "bias": -8.086080356406455e-07
  },
  "val": {
    "rmse": 0.030062757432460785,
    "mae": 0.021666700020432472,
    "r2": 0.9024026989936829,
    "mape": 37.002766132354736,
    "bias": 4.663099389290437e-05
  },
  "test": {
    "rmse": 0.031340327113866806,
    "mae": 0.020869476720690727,
    "r2": 0.8993620872497559,
    "mape": 30.101516842842102,
    "bias": -0.003870525863021612
  },
  "training_time": "0:00:00.287727"
}